商品销量排名,商品名称,价格,购买量,店铺名称,商品详情页
1,【新品爆款】Lenovo/联想拯救者R9000P 2023款游戏本RTX4060独显16英寸2.5K大屏电竞笔记本电脑官方旗舰正品,8499,7000,联想蓝之新专卖店,https://detail.tmall.com/item.htm?id=716871731293&ns=1&abbucket=19
2,联想拯救者R9000P R7000锐龙Y7000P Y9000P 2023热销款英特尔酷睿i9笔记本电脑轻薄RTX4060独显8G,7099,7000,联想艾克兰斯专卖店,https://detail.tmall.com/item.htm?id=669122661073&ns=1&abbucket=19
3,联想拯救者Y7000P 2023款电竞游戏本笔记本电脑13代酷睿i5/i7编程,6487,5000,百亿补贴官方频道,https://item.taobao.com/item.htm?id=728921661276&ns=1&abbucket=19#detail
4,联想拯救者R7000P/R7000电竞笔记本电脑大学生游戏本大屏ps电脑,6377,4000,百亿补贴官方频道,https://item.taobao.com/item.htm?id=728769605417&ns=1&abbucket=19#detail
5,【游戏本爆款】联想拯救者Y7000P 13代酷睿i5/i7 2023 16英寸电竞游戏本笔记本电脑大学生编程设计ps电脑,6999,4000,联想官方旗舰店,https://detail.tmall.com/item.htm?id=708247402821&ns=1&abbucket=19
6,【爆款游戏本】华硕天选4 13代英特尔酷睿i7 15.6英寸高性能游戏本笔记本电脑RTX4060显卡学生商务办公电竞本,7299,3000,asus华硕官方旗舰店,https://detail.tmall.com/item.htm?id=701501877198&ns=1&abbucket=19
7,【爆款推荐】华硕无畏Pro16 13代英特尔酷睿i9/i7高性能轻薄本16英寸笔记本电脑RTX4060显卡学生办公本,5999,3000,asus华硕官方旗舰店,https://detail.tmall.com/item.htm?id=655060262138&ns=1&abbucket=19
8,【百亿补贴】HP/惠普暗影精灵9系列游戏本笔记本电脑学生办公设计,6199,3000,百亿补贴官方频道,https://item.taobao.com/item.htm?id=728916205060&ns=1&abbucket=19#detail
9,Lenovo/联想拯救者Y9000P 2022笔记本电脑电竞游戏本12代酷睿正品,7249,2000,百亿补贴官方频道,https://item.taobao.com/item.htm?id=728566548970&ns=1&abbucket=19#detail
10,【自营】2023款联想拯救者Y9000P/Y7000P 笔记本电脑大屏电竞本大学生设计师ps电脑,6999,2000,喵速达电器官方旗舰店,https://detail.tmall.com/item.htm?id=707737680774&ns=1&abbucket=19
11,【T8新品来袭】神舟战神T8系列笔记本电脑 英特尔13代酷睿i5/i7/i9 RTX4070/4060/3050 16英寸电竞屏,5399,2000,神舟电脑旗舰店,https://detail.tmall.com/item.htm?id=700457588708&ns=1&abbucket=19
12,【爆款推荐】华硕a豆14 2023 13代英特尔酷睿i5 14英寸高性能轻薄本笔记本电脑学生手提商务办公官方,3799,2000,asus华硕官方旗舰店,https://detail.tmall.com/item.htm?id=702822843235&ns=1&abbucket=19
13,【热销爆款】神舟战神Z7/Z8系列笔记本电脑 英特尔13代/12代酷睿i5/i7/i9 RTX4050/3050独显,4699,2000,神舟电脑旗舰店,https://detail.tmall.com/item.htm?id=543489254259&ns=1&abbucket=19
14,联想拯救者Y9000P 2023款13代酷睿i9 16英寸游戏本笔记本电脑RTX4060显卡大屏电竞本设计师电脑,7998.78,2000,联想艾克兰斯专卖店,https://detail.tmall.com/item.htm?id=709279347134&ns=1&abbucket=19
15,联想拯救者R9000P笔记本2023新款游戏本电竞本ps办公百亿补贴官方,7933,1000,百亿补贴官方频道,https://item.taobao.com/item.htm?id=729733121579&ns=1&abbucket=19#detail
16,机械革命 旷世G16 英特尔酷睿i5-13500H 16英寸游戏本笔记本电脑RTX4060显卡PS设计师大学生,5999,1000,机械革命官方旗舰店,https://detail.tmall.com/item.htm?id=731894503961&ns=1&abbucket=19
17,ROG魔霸新锐 AMD锐龙R9 6900HX/RTX3060游戏本15.6英寸240Hz高刷电竞笔记本电脑玩家国度大学生旗舰显卡直连,7999,1000,ROG玩家国度五心专卖店,https://detail.tmall.com/item.htm?id=653920634590&ns=1&abbucket=19
18,ROG魔霸新锐锐龙R9 RTX3060独显15.6英寸240Hz电竞大学生便携笔记本电脑玩家国度,7999,1000,ROG玩家国度旗舰店,https://detail.tmall.com/item.htm?id=723638027860&ns=1&abbucket=19
19,华硕天选4锐龙R7/R9 15.6英寸高性能游戏本笔记本电脑RTX4060学生商务办公电竞官方旗舰店官网,6599,1000,asus华硕儒硕专卖店,https://detail.tmall.com/item.htm?id=733356566455&ns=1&abbucket=19
20,asus华硕天选4 13代英特尔酷睿i9 15.6英寸高性能游戏本笔记本电脑RTX4060独显手提电脑官方旗舰店官网正品,6599,1000,asus华硕儒硕专卖店,https://detail.tmall.com/item.htm?id=701187424433&ns=1&abbucket=19
21,【轻薄游戏】神舟战神S7/S8系列笔记本电脑 英特尔12代酷睿i5/i7 RTX30系独显 轻薄,4699,1000,神舟电脑旗舰店,https://detail.tmall.com/item.htm?id=566707611744&ns=1&abbucket=19
22,【百亿补贴】Acer/宏碁掠夺者擎Neo 13代i5 RTX4050全能本16英寸独显满血宏基学生办公笔记本电脑暗影,6699,1000,acer宏碁旗舰店,https://detail.tmall.com/item.htm?id=667675937040&ns=1&abbucket=19
23,【爆款推荐】华硕a豆14 2023 13代英特尔酷睿i5 2.5K高清屏可选轻薄笔记本电脑14寸便携商务办公官方,3799,1000,asus华硕官方旗舰店,https://detail.tmall.com/item.htm?id=739037217172&ns=1&abbucket=19
24,【官方直营】联想拯救者Y7000P 酷睿13代处理器 RTX4060显卡 2.5K 165Hz刷新率设计电竞笔记本电脑,6989,1000,来酷智生活旗舰店,https://detail.tmall.com/item.htm?id=707876676710&ns=1&abbucket=19
25,Lenovo/联想 联想 拯救者新品Y9000P学生电竞游戏本笔记本电脑,7999,1000,成铭拯救者百亿数码店企业店,https://item.taobao.com/item.htm?id=741929376634&ns=1&abbucket=19#detail
26,机械革命极光pro/E旷世G16/蛟龙16K/17K游戏本4060笔记本电脑2023,5199,1000,机械革命数码商城,https://item.taobao.com/item.htm?id=673185175518&ns=1&abbucket=19#detail
27,惠普暗影精灵9笔记本电脑 新品13代英特尔处理 4060显卡游戏本,7599,1000,百亿数码线上店,https://item.taobao.com/item.htm?id=744737670728&ns=1&abbucket=19#detail
28,【爆款游戏本】华硕天选4 新锐龙R9/13代英特尔酷睿i9 15.6英寸高性能笔记本电脑RTX4060显卡学生商务,5699,1000,华硕崇硕专卖店,https://detail.tmall.com/item.htm?id=707458696014&ns=1&abbucket=19
29,Acer/宏碁 掠夺者擎 2.5K 165Hz新品13代酷睿HX 排行榜i5学生电竞2023补贴RTX4060满血宏基笔记本电脑,6199,1000,acer宏碁博大永恒专卖店,https://detail.tmall.com/item.htm?id=667667664188&ns=1&abbucket=19
30,【官方直营】联想拯救者Y9000P 16英寸 13代酷睿i9 RTX4060显卡 240Hz刷新率冰魄白游戏电竞设计笔记本电脑,9169,1000,来酷智生活旗舰店,https://detail.tmall.com/item.htm?id=707864024138&ns=1&abbucket=19
31,23款联想拯救者R9000P Y9000P R7000P Y7000P学生游戏笔记本电脑,6849,1000,联想笔记本店,https://item.taobao.com/item.htm?id=643498476760&ns=1&abbucket=19#detail
32,【热卖爆款】联想拯救者Y9000P 13代酷睿i9 HX 2023 16英寸游戏本笔记本电脑 学生设计师ps联想游戏电竞本,9199,900,联想官方旗舰店,https://detail.tmall.com/item.htm?id=707547944302&ns=1&abbucket=19
33,【双11爆款】联想拯救者Y9000P 13代酷睿i7 16英寸电竞本游戏本笔记本电脑大学生笔记本设计 联想官方旗舰店,9199,900,联想官方旗舰店,https://detail.tmall.com/item.htm?id=732585892384&ns=1&abbucket=19
34,【百亿补贴】机械革命 旷世G16Pro 英特尔酷睿i9-13900HX 16英寸笔记本电脑学生RTX4060独显2.5K240Hz,7799,800,机械革命官方旗舰店,https://detail.tmall.com/item.htm?id=702041920384&ns=1&abbucket=19
35,【咨询有礼】华硕天选4 新锐龙/13代英特尔酷睿i9 15.6英寸高性能游戏本笔记本电脑RTX4060独显学生手提商务,5699,800,华硕崇硕专卖店,https://detail.tmall.com/item.htm?id=701994621299&ns=1&abbucket=19
36,dell/戴尔游戏G16 7630 13代i7设计师电竞游戏本大学生2023款16英寸PS修图AI剪辑编程商务办公7620笔记本电脑,7498.7,800,戴尔蓝之新专卖店,https://detail.tmall.com/item.htm?id=717955488329&ns=1&abbucket=19
37,Lenovo/联想 拯救者 Y7000P-学生游戏本笔记本电脑16英寸,7299,800,成铭拯救者百亿数码店企业店,https://item.taobao.com/item.htm?id=738207993464&ns=1&abbucket=19#detail
38,Lenovo/联想拯救者Y7000P2023 16英寸电竞游戏本笔记本电脑,9499,800,天猫超市,https://detail.tmall.com/item.htm?id=719092730299&ns=1&abbucket=19
39,【自营】联想拯救者2023 R7000P 4060游戏电竞笔记本电脑大屏电竞本大学生设计师ps电脑,8899,700,喵速达电器官方旗舰店,https://detail.tmall.com/item.htm?id=688287159836&ns=1&abbucket=19
40,【爆款推荐】HP惠普光影精灵9可选13代英特尔酷睿i7RTX4050 144Hz游戏本笔记本电脑暗影精灵设计本官方旗舰店,5299,700,惠普中国官方旗舰店,https://detail.tmall.com/item.htm?id=705830708215&ns=1&abbucket=19
41,联想拯救者新品Y7000P 2023 13代 i7 RTX4050 RTX4060 电竞游戏本,7299,700,笔记本电脑线上店,https://item.taobao.com/item.htm?id=733725550227&ns=1&abbucket=19#detail
42,联想拯救者R9000P 2023款电竞游戏本RTX4060独显16英寸笔记本电脑,9799,700,天猫超市,https://detail.tmall.com/item.htm?id=743809349423&ns=1&abbucket=19
43,【至高减600】联想拯救者Y9000P/Y 2023游戏本RTX4060独显16英寸2.5K大屏电竞笔记本电脑官方旗舰正品,8299.17,700,联想蓝之新专卖店,https://detail.tmall.com/item.htm?id=713354205239&ns=1&abbucket=19
44,Dell/戴尔游匣G15 5530 13代酷睿i7大学生设计师PS修图AI PR剪辑4060显卡商务办公2023款手提笔记本电脑5520,5888,600,戴尔蓝之新专卖店,https://detail.tmall.com/item.htm?id=706002903756&ns=1&abbucket=19
45,【ASUS】华硕天选4 AMD锐龙版天选3 13代英特尔酷睿游戏本笔记本电脑RTX4060显卡学生商务办公电竞本,5999,600,asus华硕硕金专卖店,https://detail.tmall.com/item.htm?id=732960593521&ns=1&abbucket=19
46,Lenovo/联想 联想 拯救者新品Y9000P学生电竞游戏本笔记本电脑,8199,600,成铭拯救者百亿数码店企业店,https://item.taobao.com/item.htm?id=746206012675&ns=1&abbucket=19#detail
47,百亿补贴 联想拯救者R9000P 2023款锐龙R9/R7电竞游戏本RTX4060,8699,600,拯救者笔记本店,https://item.taobao.com/item.htm?id=713348016222&ns=1&abbucket=19#detail
48,联想拯救者R7000 2023 15.6英寸 R7-7735H RTX4060 165Hz,7099,600,超百亿商城,https://item.taobao.com/item.htm?id=750120128942&ns=1&abbucket=19#detail
49,百亿补贴 联想拯救者Y9000P 2023 I9 RTX4060 RTX4050 游戏笔记本,8999,600,超百亿商城,https://item.taobao.com/item.htm?id=737798233368&ns=1&abbucket=19#detail
50,【高性能本】HP惠普光影精灵9 可选13代英特尔酷睿i7HX RTX4060 165Hz2.5k屏笔记本电脑暗影精灵官方店,7199,600,惠普中国官方旗舰店,https://detail.tmall.com/item.htm?id=710117322399&ns=1&abbucket=19
51,【新品现货】联想拯救者Y9000P英特尔酷睿i9-13900HX RTX4060独显设计师PS 电竞吃鸡笔记本电脑,8298,600,联想联保专卖店,https://detail.tmall.com/item.htm?id=708380920266&ns=1&abbucket=19
52,【旗舰店】DELL/戴尔G15 5520 5530 15.6英寸英特尔酷睿i9游戏本3050笔记本电脑3070手提学生外星人7420,6299,500,戴尔官方旗舰店,https://detail.tmall.com/item.htm?id=673285931849&ns=1&abbucket=19
53,【2023新款热销三期免息】Asus/华硕天选4 锐龙 英特尔i5/i7游戏笔记本电脑高色域电竞屏设计商务办公学生,7299,500,asus华硕天鸿硕通专卖店,https://detail.tmall.com/item.htm?id=687824654736&ns=1&abbucket=19
54,Lenovo/联想拯救者Y7000P 2023款 16英寸专业电竞游戏本,7499,500,浩酷3C数码,https://item.taobao.com/item.htm?id=732119145691&ns=1&abbucket=19#detail
55,【官方授权】联想拯救者Y7000P 2023款笔记本电脑 酷睿13代处理器搭配RTX4060 2.5K分辨率165Hz刷新率,7799,500,联想授权专营店,https://detail.tmall.com/item.htm?id=744054043714&ns=1&abbucket=19
56,【2023新款】HP/惠普暗影精灵9 光影精灵9 暗夜精灵9 酷睿13代可选RTX4060/RTX4070学生设计笔记本电脑,5199.01,500,惠普酷灏专卖店,https://detail.tmall.com/item.htm?id=712064558218&ns=1&abbucket=19
57,【爆款推荐】ThinkPad联想ThinkBook16+ 12代/13代英特尔标压酷睿i5/i7 16G 512G 4G 16英寸游戏笔记本,5499,500,ThinkPad官方旗舰店,https://detail.tmall.com/item.htm?id=670462114513&ns=1&abbucket=19
58,百亿补贴 联想拯救者Y9000P Y7000P 2023热销款电竞游戏本RTX4060,6899,500,拯救者笔记本店,https://item.taobao.com/item.htm?id=697019927174&ns=1&abbucket=19#detail
59,HP/惠普 精灵 -暗影9 2023 13代i9学生4060电竞游戏笔记本电脑,7999,500,笔记本补贴商城,https://item.taobao.com/item.htm?id=720270337047&ns=1&abbucket=19#detail
60,【官方爆款】机械革命旷世G16 PRO极光S 游戏本笔记本电脑RTX4060显卡酷睿i9-12900HX/i7-12650H,5705,500,机械革命金佑荣耀专卖店,https://detail.tmall.com/item.htm?id=737614085482&ns=1&abbucket=19
61,华硕天选4 2023 13代酷睿华硕天选4锐龙版4060游戏本笔记本电脑,5199,500,华硕天选自营店,https://item.taobao.com/item.htm?id=671962440451&ns=1&abbucket=19#detail
62,【旗舰爆款】机械师曙光16Pro AMD 锐龙 R7-7735H笔记本电脑RTX4060独显满血2.5K 165Hz屏办公学生,6399,500,machenike旗舰店,https://detail.tmall.com/item.htm?id=713869693477&ns=1&abbucket=19
63,【旗舰游戏本】asus华硕天选4 13代英特尔酷睿i7天选3高性能游戏本手提笔记本电脑天选三学生商务办公电竞本,8099,500,asus华硕官方旗舰店,https://detail.tmall.com/item.htm?id=667151109951&ns=1&abbucket=19
64,【官方新品】机械革命 极光S/旷世16/G16/蛟龙16PRO 酷睿i5-12450H RTX4060独显笔记本电脑2K学生电竞,7311,500,机械革命赛驰专卖店,https://detail.tmall.com/item.htm?id=668245028900&ns=1&abbucket=19
65,华硕天选4 12代英特尔酷睿i7 15.6英寸高性能游戏本笔记本电脑RTX4060独显手提电脑官方旗舰店官网正品,8799,500,asus华硕儒硕专卖店,https://detail.tmall.com/item.htm?id=667461393548&ns=1&abbucket=19
66,【百亿补贴】MECHREVO/机械革命 旷世16 G16 Pro 16英寸电竞屏RTX4060轻薄办公学生设计师手提游戏笔记本电脑,6999,400,机械革命联科世纪专卖店,https://detail.tmall.com/item.htm?id=732560889437&ns=1&abbucket=19
67,【热卖新品】火影T6A酷睿i9 RTX4060独立显卡 笔记本电脑 游戏本 独显直连 2.5K屏240H炙影H6锐龙R7 7735H,5799,400,火影旗舰店,https://detail.tmall.com/item.htm?id=703226960267&ns=1&abbucket=19
68,【旗舰爆款】七彩虹隐星P15/P16笔记本电脑23款13代英特尔酷睿i7学生电竞RTX4060/4050显卡独显轻薄本,7099,400,七彩虹电脑旗舰店,https://detail.tmall.com/item.htm?id=736691130373&ns=1&abbucket=19
69,华硕天选4 2023 13代酷睿i7天选4锐龙版4060显卡游戏本笔记本电脑,5649,400,华硕电脑自营店,https://item.taobao.com/item.htm?id=708091104414&ns=1&abbucket=19#detail
70,联想拯救者Y9000P2023款Y7000P R9000P 4060游戏本笔记本电脑官方,9049,400,联想LEGION拯救者店,https://item.taobao.com/item.htm?id=719531613875&ns=1&abbucket=19#detail
71,Acer/宏碁 掠夺者擎Neo16英寸13代酷睿HX i5/i7满血RTX4060游戏本宏基旗舰店全能本笔记本电脑,6299,400,acer宏碁旗舰店,https://detail.tmall.com/item.htm?id=705853544122&ns=1&abbucket=19
72,Acer宏碁 掠夺者·擎Neo第13代酷睿i5-13500HX工作站级H55主板RTX4060 8G显卡16英寸高清电竞游戏笔记本电脑,6999,400,鑫一宏数码专营店,https://detail.tmall.com/item.htm?id=708536211012&ns=1&abbucket=19
73,ROG枪神7 Plus13代英特尔酷睿i9电竞本18英寸RTX4060/4070显卡游戏本笔记本电脑玩家国度新品,15099,400,ROG玩家国度旗舰店,https://detail.tmall.com/item.htm?id=701184432819&ns=1&abbucket=19
74,百亿补贴 HP惠普暗影精灵9 可选4060电竞240HZ高刷2.5K笔记本电脑,7699,300,超百亿商城,https://item.taobao.com/item.htm?id=730127658426&ns=1&abbucket=19#detail
75,【自营】Acer/宏碁掠夺者·擎Neo第13代酷睿HX满血RTX4060/4050独显直连2023新款笔记本电脑,6289,300,喵速达电器官方旗舰店,https://detail.tmall.com/item.htm?id=716586024092&ns=1&abbucket=19
76,华硕无畏Pro16 2023酷睿标压高刷屏高色域光追RTX4060显卡学生游戏本轻薄笔记本电脑官方专卖店,8199,300,asus华硕天溥专卖店,https://detail.tmall.com/item.htm?id=676755322853&ns=1&abbucket=19
77,Asus/华硕 天选 游戏本3新天选4高配4060电竞学生游戏笔记本电脑,4178,300,天天天选商城,https://item.taobao.com/item.htm?id=682631472168&ns=1&abbucket=19#detail
78,【新品】HP/惠普暗影精灵9/光影精灵9/13代酷睿i9HX/RTX4060/学生高性能设计渲染电竞游戏笔记本电脑官方正品,6499,300,惠普酷灏专卖店,https://detail.tmall.com/item.htm?id=740984626965&ns=1&abbucket=19
79,神舟战神S8 12代英特尔酷睿i7-12650H RTX4060独显电竞屏学生游戏本笔记本电脑,5999,300,神舟电脑旗舰店,https://detail.tmall.com/item.htm?id=674972098893&ns=1&abbucket=19
80,ROG魔霸新锐2023 13代酷睿i7 16英寸星云屏电竞游戏本笔记本电脑,9999,300,佳哗数码商城,https://item.taobao.com/item.htm?id=711036108152&ns=1&abbucket=19#detail
81,【热销爆款】华硕天选4 13代英特尔酷睿i7 15.6英寸笔记本电脑高性能游戏本RTX4060显卡学生商务办公电竞本,7299,300,asus华硕官方旗舰店,https://detail.tmall.com/item.htm?id=719262137671&ns=1&abbucket=19
82,【百亿补贴】ROG魔霸7Plus 笔记本电脑电竞游戏本玩家国度正品,8899,300,百亿补贴官方频道,https://item.taobao.com/item.htm?id=729126274925&ns=1&abbucket=19#detail
83,2023联想拯救者R9000P Y9000P Y7000P R7000P 学生游戏笔记本电脑,6659,300,华中拯救者商城,https://item.taobao.com/item.htm?id=642417687869&ns=1&abbucket=19#detail
84,HP惠普暗影精灵9 9Plus Slim/8Pro光影暗夜笔记本电脑游戏本4060,5278,300,暗影精灵游戏本正品店,https://item.taobao.com/item.htm?id=671189396218&ns=1&abbucket=19#detail
85,【2023爆款游戏本】联想Y7000P13代英特尔酷睿i7 RTX4060可选大学生拯救者笔记本电脑联想官方旗舰405,6998,300,苏宁易购官方旗舰店,https://detail.tmall.com/item.htm?id=709073546355&ns=1&abbucket=19
86,【年度爆款】ThinkPad联想ThinkBook14+ 12代/13代英特尔酷睿i5/i7标压16G 512G/1T固态轻薄笔记本电脑,5299,300,ThinkPad官方旗舰店,https://detail.tmall.com/item.htm?id=674280969673&ns=1&abbucket=19
87,【阿里官方自营】2023款联想拯救者Y7000P游戏电竞笔记本电脑大屏电竞本大学生R7000设计师ps电脑,7098.69,300,喵速达电器官方旗舰店,https://detail.tmall.com/item.htm?id=735104374657&ns=1&abbucket=19
88,华硕天选4 13代英特尔锐龙酷睿i7 15.6英寸高性能游戏本笔记本电脑RTX4060显卡学生商务办公电竞笔记本电脑,6999,300,asus华硕天鸿硕通专卖店,https://detail.tmall.com/item.htm?id=675147727164&ns=1&abbucket=19
89,Lenovo/联想拯救者R7000 2023款锐龙标压R7 R7-7735H,7299,300,浩酷3C数码,https://item.taobao.com/item.htm?id=740017435624&ns=1&abbucket=19#detail
90,【百亿补贴】机械革命蛟龙16Pro锐龙7745HX电竞游戏本4060独显大学生设计办公手提新款笔记本电脑极光Pro/16K,7099,300,机械革命合智专卖店,https://detail.tmall.com/item.htm?id=702967159400&ns=1&abbucket=19
91,【2023新款】机械革命蛟龙16Pro/旷世G16Pro 锐龙游戏本R7/R9满血RTX4060电竞独显笔记本电脑大学生ps设计师K,6999,300,机械革命合智专卖店,https://detail.tmall.com/item.htm?id=699170011538&ns=1&abbucket=19
92,联想拯救者Y9000P2023冰魄白X Y7000P游戏笔记本电脑官方旗舰,6668,300,联想拯救者游戏本商城,https://item.taobao.com/item.htm?id=687395900743&ns=1&abbucket=19#detail
93,Acer/宏碁掠夺者擎neo暗影骑士擎英特尔13HX代i5/i7电竞办公16英寸4060满血显卡宏基学生笔记本电脑,6179,300,宏碁冠恒嘉业专卖店,https://detail.tmall.com/item.htm?id=719827614684&ns=1&abbucket=19
94,Asus/华硕 天选4 15.6寸14核i7/RTX4060高性能电竞游戏笔记本电脑,6999,300,佳哗数码商城,https://item.taobao.com/item.htm?id=704145640177&ns=1&abbucket=19#detail
95,【自营】戴尔游匣G15/5530 13代英特尔酷睿i5 15.6英寸游戏本笔记本电脑独显学生外星人电竞,5899,300,喵速达电器官方旗舰店,https://detail.tmall.com/item.htm?id=712518125359&ns=1&abbucket=19
96,ROG枪神7 英特尔13代酷睿i9 16英寸RTX4060/4070显卡电竞游戏本笔记本电脑玩家国度2023新品,12499,300,ROG玩家国度旗舰店,https://detail.tmall.com/item.htm?id=701716646342&ns=1&abbucket=19
97,【新品】联想拯救者R9000P 2023款游戏本RTX4060独显16英寸2.5K大屏电竞本笔记本电脑官方旗舰店正品授权,8499.12,300,联想艾克兰斯专卖店,https://detail.tmall.com/item.htm?id=712929068398&ns=1&abbucket=19
98,机械革命极光pro/z旷世G16/ 蛟龙16Pro/S K 游戏本4060笔记本电脑,5195,300,薇薇娜数码商城,https://item.taobao.com/item.htm?id=719643169577&ns=1&abbucket=19#detail
99,2023款联想拯救者R9000P Y9000P冰魄白/Y9000X笔记本电脑官方旗舰,6799,300,联想拯救者游戏本商城,https://item.taobao.com/item.htm?id=674763013251&ns=1&abbucket=19#detail
100,神舟战神Z8系列笔记本电脑 英特尔12代酷睿i5 RTX4050高刷屏游戏本 笔记本电脑,5399,300,神舟电脑旗舰店,https://detail.tmall.com/item.htm?id=622313299882&ns=1&abbucket=19
